SEASON,TEAM,G,MP,FG,FGA,FG%,3P,3PA,3P%,2P,2PA,2P%,FT,FTA,FT%,ORB,DRB,TRB,AST,STL,BLK,TOV,PF,PTS
2014 - 15,IND,82,19855,38.9,88.5,0.439,7.9,22.6,0.35200000000000004,31.0,66.0,0.469,17.8,23.6,0.7559999999999999,11.1,36.6,47.7,22.8,6.6,4.9,14.9,22.6,103.5
