SEASON,TEAM,G,MP,FG,FGA,FG%,3P,3PA,3P%,2P,2PA,2P%,FT,FTA,FT%,ORB,DRB,TRB,AST,STL,BLK,TOV,PF,PTS
2014 - 15,MEM,82,19905,40.6,88.7,0.45799999999999996,5.5,16.3,0.33899999999999997,35.1,72.3,0.485,18.9,24.5,0.773,11.2,34.5,45.8,23.3,9.2,4.5,14.3,20.5,105.7
