SEASON,TEAM,G,MP,FG,FGA,FG%,3P,3PA,3P%,2P,2PA,2P%,FT,FTA,FT%,ORB,DRB,TRB,AST,STL,BLK,TOV,PF,PTS
2018 - 19,HOU,82,19830,3218,7163,0.449,1323,3721,0.35600000000000004,1895,3442,0.551,1582,2001,0.7909999999999999,836,2613,3449,1741,700,405,1094,1803,9341
