SEASON,TEAM,G,MP,FG,FGA,FG%,3P,3PA,3P%,2P,2PA,2P%,FT,FTA,FT%,ORB,DRB,TRB,AST,STL,BLK,TOV,PF,PTS
2018 - 19,SAC,82,19730,3541,7637,0.46399999999999997,927,2455,0.37799999999999995,2614,5182,0.504,1354,1865,0.726,906,2819,3725,2083,679,363,1095,1751,9363
