SEASON,TEAM,G,MP,FG,FGA,FG%,3P,3PA,3P%,2P,2PA,2P%,FT,FTA,FT%,ORB,DRB,TRB,AST,STL,BLK,TOV,PF,PTS
1986 - 87,DEN,82,19780,3744,7951,0.47100000000000003,106,391,0.271,3638,7560,0.48100000000000004,1975,2568,0.769,1294,2368,3662,2317,754,421,1216,2184,9569
