SEASON,TEAM,G,MP,FG,FGA,FG%,3P,3PA,3P%,2P,2PA,2P%,FT,FTA,FT%,ORB,DRB,TRB,AST,STL,BLK,TOV,PF,PTS
1986 - 87,LAC,82,19780,3311,7332,0.452,78,348,0.22399999999999998,3233,6984,0.46299999999999997,1866,2515,0.742,1231,2137,3368,1971,751,432,1493,2004,8566
