SEASON,TEAM,G,MP,FG,FGA,FG%,3P,3PA,3P%,2P,2PA,2P%,FT,FTA,FT%,ORB,DRB,TRB,AST,STL,BLK,TOV,PF,PTS
1997 - 98,CLE,82,19830,37.9,83.6,0.45399999999999996,4.0,10.8,0.37200000000000005,33.9,72.8,0.466,22.3,29.5,0.7559999999999999,12.9,31.4,44.3,25.5,11.0,5.6,19.1,26.1,102.2
