SEASON,TEAM,G,MP,FG,FGA,FG%,3P,3PA,3P%,2P,2PA,2P%,FT,FTA,FT%,ORB,DRB,TRB,AST,STL,BLK,TOV,PF,PTS
1997 - 98,DAL,82,19905,38.6,90.5,0.42700000000000005,5.7,15.9,0.35700000000000004,33.0,74.7,0.442,17.5,23.3,0.753,13.5,30.6,44.1,20.6,8.7,6.2,15.8,22.0,100.5
