SEASON,TEAM,G,MP,FG,FGA,FG%,3P,3PA,3P%,2P,2PA,2P%,FT,FTA,FT%,ORB,DRB,TRB,AST,STL,BLK,TOV,PF,PTS
1997 - 98,TOR,82,19930,38.5,88.6,0.435,4.8,14.1,0.34299999999999997,33.7,74.5,0.45299999999999996,19.2,26.8,0.718,15.4,27.9,43.4,22.7,10.0,8.6,17.8,24.1,101.2
