SEASON,TEAM,G,MP,FG,FGA,FG%,3P,3PA,3P%,2P,2PA,2P%,FT,FTA,FT%,ORB,DRB,TRB,AST,STL,BLK,TOV,PF,PTS
2003 - 04,DAL,82,19805,3322,7230,0.45899999999999996,507,1456,0.348,2815,5774,0.488,1475,1854,0.7959999999999999,1174,2538,3712,1963,656,437,1000,1609,8626
