SEASON,TEAM,G,MP,FG,FGA,FG%,3P,3PA,3P%,2P,2PA,2P%,FT,FTA,FT%,ORB,DRB,TRB,AST,STL,BLK,TOV,PF,PTS
2003 - 04,BOS,82,19705,2843,6415,0.44299999999999995,553,1599,0.34600000000000003,2290,4816,0.475,1572,2095,0.75,851,2440,3291,1683,770,331,1332,1837,7811
