SEASON,TEAM,G,MP,FG,FGA,FG%,3P,3PA,3P%,2P,2PA,2P%,FT,FTA,FT%,ORB,DRB,TRB,AST,STL,BLK,TOV,PF,PTS
1995 - 96,ORL,82,242.1,39.1,81.0,0.48200000000000004,7.6,20.1,0.37799999999999995,31.5,60.9,0.517,18.8,27.2,0.691,11.8,29.3,41.1,25.4,8.1,5.0,14.1,20.8,104.5
