SEASON,TEAM,G,MP,FG,FGA,FG%,3P,3PA,3P%,2P,2PA,2P%,FT,FTA,FT%,ORB,DRB,TRB,AST,STL,BLK,TOV,PF,PTS
1995-96,LAC,82,240.6,38.1,80.7,0.47200000000000003,6.2,16.8,0.37,31.9,64.0,0.499,17.0,24.2,0.7020000000000001,11.9,26.7,38.6,20.4,8.6,5.0,16.5,24.5,99.4
