SEASON,TEAM,G,MP,FG,FGA,FG%,3P,3PA,3P%,2P,2PA,2P%,FT,FTA,FT%,ORB,DRB,TRB,AST,STL,BLK,TOV,PF,PTS
2007 - 08,POR,82,19905,2935,6546,0.44799999999999995,538,1426,0.377,2397,5120,0.46799999999999997,1412,1841,0.767,901,2438,3339,1733,455,360,1056,1642,7820
