SEASON,TEAM,G,MP,FG,FGA,FG%,3P,3PA,3P%,2P,2PA,2P%,FT,FTA,FT%,ORB,DRB,TRB,AST,STL,BLK,TOV,PF,PTS
1997 - 98,DEN,82,240.6,32.6,78.2,0.41700000000000004,3.5,10.9,0.32299999999999995,29.1,67.3,0.433,20.2,26.2,0.772,12.7,26.3,39.0,18.9,8.1,4.8,16.0,23.6,89.0
