SEASON,TEAM,G,MP,FG,FGA,FG%,3P,3PA,3P%,2P,2PA,2P%,FT,FTA,FT%,ORB,DRB,TRB,AST,STL,BLK,TOV,PF,PTS
1997-98,DAL,82,242.7,35.1,82.4,0.42700000000000005,5.1,14.4,0.35700000000000004,30.0,67.9,0.442,16.0,21.2,0.753,12.3,27.8,40.1,18.7,7.9,5.7,14.4,20.0,91.4
