SEASON,TEAM,G,MP,FG,FGA,FG%,3P,3PA,3P%,2P,2PA,2P%,FT,FTA,FT%,ORB,DRB,TRB,AST,STL,BLK,TOV,PF,PTS
2013 - 14,OKC,82,19805,3194,6782,0.47100000000000003,664,1839,0.361,2530,4943,0.512,1653,2052,0.8059999999999999,887,2781,3668,1794,678,501,1256,1858,8705
