SEASON,TEAM,G,MP,FG,FGA,FG%,3P,3PA,3P%,2P,2PA,2P%,FT,FTA,FT%,ORB,DRB,TRB,AST,STL,BLK,TOV,PF,PTS
2013 - 14,NYK,82,19855,3027,6739,0.449,759,2038,0.37200000000000005,2268,4701,0.48200000000000004,1271,1670,0.7609999999999999,870,2437,3307,1641,631,367,1063,1815,8084
