SEASON,TEAM,G,MP,FG,FGA,FG%,3P,3PA,3P%,2P,2PA,2P%,FT,FTA,FT%,ORB,DRB,TRB,AST,STL,BLK,TOV,PF,PTS
1985 - 86,DEN,82,240.9,45.2,96.0,0.47100000000000003,0.9,3.7,0.233,44.3,92.2,0.48,23.5,29.5,0.7979999999999999,14.9,28.3,43.2,26.1,10.1,5.1,16.3,26.4,114.8
