SEASON,TEAM,G,MP,FG,FGA,FG%,3P,3PA,3P%,2P,2PA,2P%,FT,FTA,FT%,ORB,DRB,TRB,AST,STL,BLK,TOV,PF,PTS
2005 - 06,SEA,82,19830,3077,6711,0.45899999999999996,605,1631,0.371,2472,5080,0.48700000000000004,1652,2104,0.785,1013,2233,3246,1696,622,306,1208,1933,8411
