SEASON,TEAM,G,MP,FG,FGA,FG%,3P,3PA,3P%,2P,2PA,2P%,FT,FTA,FT%,ORB,DRB,TRB,AST,STL,BLK,TOV,PF,PTS
2005 - 06,WAS,82,19830,2975,6656,0.447,497,1394,0.35700000000000004,2478,5262,0.47100000000000003,1889,2496,0.757,1035,2344,3379,1523,658,339,1143,1855,8336
