SEASON,TEAM,G,MP,FG,FGA,FG%,3P,3PA,3P%,2P,2PA,2P%,FT,FTA,FT%,ORB,DRB,TRB,AST,STL,BLK,TOV,PF,PTS
2001-02,SAC,82,240.9,39.8,85.4,0.467,5.2,14.1,0.36700000000000005,34.6,71.3,0.486,19.7,26.3,0.7509999999999999,12.4,33.0,45.3,23.9,9.0,4.6,13.8,19.0,104.6
