SEASON,TEAM,G,MP,FG,FGA,FG%,3P,3PA,3P%,2P,2PA,2P%,FT,FTA,FT%,ORB,DRB,TRB,AST,STL,BLK,TOV,PF,PTS
2008 - 09,GSW,82,242.4,39.4,86.0,0.45799999999999996,6.7,18.0,0.373,32.7,68.0,0.48,23.1,29.2,0.7909999999999999,11.6,30.4,42.0,20.9,7.8,6.4,14.6,22.5,108.6
