SEASON,TEAM,G,MP,FG,FGA,FG%,3P,3PA,3P%,2P,2PA,2P%,FT,FTA,FT%,ORB,DRB,TRB,AST,STL,BLK,TOV,PF,PTS
2010 - 11,OKC,82,20005,39.7,85.5,0.46399999999999997,6.3,18.2,0.34700000000000003,33.4,67.4,0.495,25.6,31.1,0.823,11.7,33.7,45.4,21.6,8.5,6.3,15.0,23.8,111.2
