SEASON,TEAM,G,MP,FG,FGA,FG%,3P,3PA,3P%,2P,2PA,2P%,FT,FTA,FT%,ORB,DRB,TRB,AST,STL,BLK,TOV,PF,PTS
1997 - 98,LAL,82,19830,3146,6536,0.48100000000000004,497,1415,0.35100000000000003,2649,5121,0.517,1863,2743,0.679,1079,2471,3550,2009,734,556,1256,1859,8652
