SEASON,TEAM,G,MP,FG,FGA,FG%,3P,3PA,3P%,2P,2PA,2P%,FT,FTA,FT%,ORB,DRB,TRB,AST,STL,BLK,TOV,PF,PTS
1997 - 98,CLE,82,19830,2817,6207,0.45399999999999996,298,801,0.37200000000000005,2519,5406,0.466,1653,2187,0.7559999999999999,955,2331,3286,1894,814,419,1418,1939,7585
