SEASON,TEAM,G,MP,FG,FGA,FG%,3P,3PA,3P%,2P,2PA,2P%,FT,FTA,FT%,ORB,DRB,TRB,AST,STL,BLK,TOV,PF,PTS
1997 - 98,PHI,82,19755,2837,6409,0.44299999999999995,243,810,0.3,2594,5599,0.46299999999999997,1734,2352,0.737,1125,2294,3419,1729,729,490,1354,1878,7651
