SEASON,TEAM,G,MP,FG,FGA,FG%,3P,3PA,3P%,2P,2PA,2P%,FT,FTA,FT%,ORB,DRB,TRB,AST,STL,BLK,TOV,PF,PTS
1997 - 98,HOU,82,19830,2946,6513,0.452,573,1670,0.34299999999999997,2373,4843,0.49,1634,2120,0.7709999999999999,987,2350,3337,1799,686,294,1298,1653,8099
