SEASON,TEAM,G,MP,FG,FGA,FG%,3P,3PA,3P%,2P,2PA,2P%,FT,FTA,FT%,ORB,DRB,TRB,AST,STL,BLK,TOV,PF,PTS
2012 - 13,SAS,82,19880,3210,6675,0.48100000000000004,663,1764,0.376,2547,4911,0.519,1365,1725,0.7909999999999999,666,2721,3387,2058,695,446,1206,1427,8448
