SEASON,TEAM,G,MP,FG,FGA,FG%,3P,3PA,3P%,2P,2PA,2P%,FT,FTA,FT%,ORB,DRB,TRB,AST,STL,BLK,TOV,PF,PTS
2003-04,POR,82,243.7,35.3,78.9,0.44799999999999995,4.6,13.4,0.34600000000000003,30.7,65.4,0.469,15.4,21.1,0.731,12.7,29.0,41.7,21.6,7.5,5.4,14.8,19.0,90.7
