SEASON,TEAM,G,MP,FG,FGA,FG%,3P,3PA,3P%,2P,2PA,2P%,FT,FTA,FT%,ORB,DRB,TRB,AST,STL,BLK,TOV,PF,PTS
2003 - 04,MIN,82,240.9,37.0,80.1,0.462,4.0,10.9,0.363,33.0,69.2,0.47700000000000004,16.6,21.3,0.7809999999999999,10.7,32.3,42.9,23.0,6.8,5.6,12.7,21.1,94.5
