SEASON,TEAM,G,MP,FG,FGA,FG%,3P,3PA,3P%,2P,2PA,2P%,FT,FTA,FT%,ORB,DRB,TRB,AST,STL,BLK,TOV,PF,PTS
2007 - 08,DET,82,19730,41.8,91.3,0.45799999999999996,6.8,18.5,0.366,35.0,72.7,0.48100000000000004,21.0,27.4,0.767,13.6,33.8,47.3,25.5,8.1,6.6,13.3,23.5,111.4
