SEASON,TEAM,G,MP,FG,FGA,FG%,3P,3PA,3P%,2P,2PA,2P%,FT,FTA,FT%,ORB,DRB,TRB,AST,STL,BLK,TOV,PF,PTS
1984 - 85,CLE,82,241.2,42.3,89.8,0.47100000000000003,1.2,4.1,0.287,41.1,85.7,0.48,22.8,30.4,0.7490000000000001,14.7,29.8,44.5,25.6,7.6,5.8,16.9,26.5,108.6
