SEASON,TEAM,G,MP,FG,FGA,FG%,3P,3PA,3P%,2P,2PA,2P%,FT,FTA,FT%,ORB,DRB,TRB,AST,STL,BLK,TOV,PF,PTS
1984 - 85,IND,82,241.2,42.5,89.3,0.47600000000000003,0.4,1.9,0.19399999999999998,42.2,87.4,0.48200000000000004,22.8,30.7,0.7440000000000001,14.6,32.0,46.6,23.7,7.6,4.5,19.8,27.3,108.3
