SEASON,TEAM,G,MP,FG,FGA,FG%,3P,3PA,3P%,2P,2PA,2P%,FT,FTA,FT%,ORB,DRB,TRB,AST,STL,BLK,TOV,PF,PTS
1999 - 00,UTA,82,19755,40.1,86.5,0.46399999999999997,4.5,11.6,0.385,35.7,74.9,0.47600000000000003,22.5,29.1,0.773,12.7,32.9,45.6,27.7,8.5,6.0,16.5,27.3,107.3
