SEASON,TEAM,G,MP,FG,FGA,FG%,3P,3PA,3P%,2P,2PA,2P%,FT,FTA,FT%,ORB,DRB,TRB,AST,STL,BLK,TOV,PF,PTS
1999 - 00,DAL,82,19730,40.9,90.3,0.45299999999999996,6.7,17.0,0.391,34.3,73.3,0.46799999999999997,18.0,22.4,0.804,11.9,31.3,43.3,23.2,7.6,5.3,14.4,22.7,106.6
