SEASON,TEAM,G,MP,FG,FGA,FG%,3P,3PA,3P%,2P,2PA,2P%,FT,FTA,FT%,ORB,DRB,TRB,AST,STL,BLK,TOV,PF,PTS
1999 - 00,IND,82,19730,39.8,86.8,0.45899999999999996,7.6,19.4,0.392,32.2,67.3,0.478,21.3,26.2,0.8109999999999999,11.0,34.1,45.1,24.3,7.3,5.5,15.1,23.3,108.5
