SEASON,TEAM,G,MP,FG,FGA,FG%,3P,3PA,3P%,2P,2PA,2P%,FT,FTA,FT%,ORB,DRB,TRB,AST,STL,BLK,TOV,PF,PTS
1999 - 00,PHI,82,19830,39.1,88.5,0.442,2.7,8.4,0.32299999999999995,36.4,80.1,0.45399999999999996,20.6,29.1,0.708,15.0,32.2,47.2,23.7,10.3,5.0,16.8,25.3,101.5
