SEASON,TEAM,G,MP,FG,FGA,FG%,3P,3PA,3P%,2P,2PA,2P%,FT,FTA,FT%,ORB,DRB,TRB,AST,STL,BLK,TOV,PF,PTS
1999 - 00,LAL,82,19805,40.7,88.7,0.45899999999999996,4.5,13.6,0.32899999999999996,36.3,75.2,0.48200000000000004,21.4,30.7,0.696,14.5,35.5,50.0,24.9,8.0,6.9,14.8,23.9,107.3
