SEASON,TEAM,G,MP,FG,FGA,FG%,3P,3PA,3P%,2P,2PA,2P%,FT,FTA,FT%,ORB,DRB,TRB,AST,STL,BLK,TOV,PF,PTS
2000 - 01,HOU,82,19830,39.4,86.9,0.45299999999999996,6.7,18.9,0.35700000000000004,32.7,68.0,0.48,21.2,27.9,0.758,12.3,33.8,46.1,21.6,7.9,4.8,16.1,22.2,106.7
