SEASON,TEAM,G,MP,FG,FGA,FG%,3P,3PA,3P%,2P,2PA,2P%,FT,FTA,FT%,ORB,DRB,TRB,AST,STL,BLK,TOV,PF,PTS
1990 - 91,SAS,82,19830,41.9,85.8,0.488,1.0,3.6,0.273,40.9,82.2,0.49700000000000005,23.1,30.2,0.7659999999999999,13.9,32.6,46.5,26.3,8.2,7.0,17.7,23.3,107.8
