SEASON,TEAM,G,MP,FG,FGA,FG%,3P,3PA,3P%,2P,2PA,2P%,FT,FTA,FT%,ORB,DRB,TRB,AST,STL,BLK,TOV,PF,PTS
1990 - 91,LAC,82,19805,41.1,88.8,0.46399999999999997,1.4,5.3,0.26,39.8,83.5,0.47600000000000003,19.4,27.6,0.7020000000000001,15.1,30.3,45.5,25.7,8.8,6.2,17.4,24.8,103.0
