SEASON,TEAM,G,MP,FG,FGA,FG%,3P,3PA,3P%,2P,2PA,2P%,FT,FTA,FT%,ORB,DRB,TRB,AST,STL,BLK,TOV,PF,PTS
2007 - 08,LAL,82,241.2,39.6,83.1,0.47600000000000003,8.1,21.4,0.37799999999999995,31.5,61.8,0.51,21.3,27.7,0.769,11.0,33.2,44.1,24.4,8.0,5.3,14.1,20.6,108.6
