SEASON,TEAM,G,MP,FG,FGA,FG%,3P,3PA,3P%,2P,2PA,2P%,FT,FTA,FT%,ORB,DRB,TRB,AST,STL,BLK,TOV,PF,PTS
2007 - 08,PHO,82,241.2,41.4,82.7,0.5,8.5,21.5,0.39299999999999996,32.9,61.2,0.5379999999999999,18.9,24.1,0.7829999999999999,8.8,32.7,41.5,26.7,6.5,6.3,14.4,19.9,110.1
