SEASON,TEAM,G,MP,FG,FGA,FG%,3P,3PA,3P%,2P,2PA,2P%,FT,FTA,FT%,ORB,DRB,TRB,AST,STL,BLK,TOV,PF,PTS
1999 - 00,NJN,82,241.8,36.3,83.9,0.433,5.8,16.8,0.34700000000000003,30.5,67.2,0.45399999999999996,19.5,24.9,0.784,12.7,28.2,40.9,20.6,8.8,4.8,13.6,23.3,98.0
