SEASON,TEAM,G,MP,FG,FGA,FG%,3P,3PA,3P%,2P,2PA,2P%,FT,FTA,FT%,ORB,DRB,TRB,AST,STL,BLK,TOV,PF,PTS
1999-00,MIN,82,242.7,39.3,84.3,0.467,3.0,8.7,0.34600000000000003,36.3,75.5,0.48100000000000004,16.8,21.6,0.78,12.4,30.1,42.5,26.9,7.6,5.4,13.9,23.3,98.5
