SEASON,TEAM,G,MP,FG,FGA,FG%,3P,3PA,3P%,2P,2PA,2P%,FT,FTA,FT%,ORB,DRB,TRB,AST,STL,BLK,TOV,PF,PTS
2011 - 12,CLE,66,15965,2261,5360,0.42200000000000004,440,1273,0.34600000000000003,1821,4087,0.446,1178,1645,0.716,841,1949,2790,1308,466,262,1017,1317,6140
