SEASON,TEAM,G,MP,FG,FGA,FG%,3P,3PA,3P%,2P,2PA,2P%,FT,FTA,FT%,ORB,DRB,TRB,AST,STL,BLK,TOV,PF,PTS
1980 - 81,IND,82,240.6,42.6,88.4,0.48200000000000004,0.4,2.1,0.17800000000000002,42.2,86.3,0.489,22.1,31.0,0.715,16.2,27.6,43.8,25.5,10.2,5.9,18.2,24.5,107.6
