SEASON,TEAM,G,MP,FG,FGA,FG%,3P,3PA,3P%,2P,2PA,2P%,FT,FTA,FT%,ORB,DRB,TRB,AST,STL,BLK,TOV,PF,PTS
1980 - 81,NJN,82,241.5,42.4,89.2,0.475,0.4,1.7,0.24600000000000002,42.0,87.5,0.48,21.7,28.9,0.7509999999999999,13.3,29.0,42.3,25.2,9.1,5.6,20.3,26.9,106.9
