SEASON,TEAM,G,MP,FG,FGA,FG%,3P,3PA,3P%,2P,2PA,2P%,FT,FTA,FT%,ORB,DRB,TRB,AST,STL,BLK,TOV,PF,PTS
2017 - 18,CLE,82,19730,3311,6950,0.47600000000000003,981,2636,0.37200000000000005,2330,4314,0.54,1488,1909,0.779,694,2761,3455,1916,582,312,1126,1524,9091
