SEASON,TEAM,G,MP,FG,FGA,FG%,3P,3PA,3P%,2P,2PA,2P%,FT,FTA,FT%,ORB,DRB,TRB,AST,STL,BLK,TOV,PF,PTS
2017 - 18,PHO,82,19705,3153,7141,0.442,763,2286,0.33399999999999996,2390,4855,0.49200000000000005,1453,1962,0.741,842,2776,3618,1743,569,370,1289,1807,8522
