SEASON,TEAM,G,MP,FG,FGA,FG%,3P,3PA,3P%,2P,2PA,2P%,FT,FTA,FT%,ORB,DRB,TRB,AST,STL,BLK,TOV,PF,PTS
2009 - 10,ALT,82,242.1,38.8,82.9,0.46799999999999997,6.4,17.7,0.36,32.4,65.2,0.49700000000000005,17.7,23.3,0.759,11.8,29.9,41.7,21.8,7.2,5.0,12.0,19.9,101.7
