SEASON,TEAM,G,MP,FG,FGA,FG%,3P,3PA,3P%,2P,2PA,2P%,FT,FTA,FT%,ORB,DRB,TRB,AST,STL,BLK,TOV,PF,PTS
1984 - 85,CLE,82,19780,41.3,87.7,0.47100000000000003,1.1,4.0,0.287,40.2,83.7,0.48,22.2,29.7,0.7490000000000001,14.3,29.1,43.4,25.0,7.4,5.6,16.5,25.9,106.0
