SEASON,TEAM,G,MP,FG,FGA,FG%,3P,3PA,3P%,2P,2PA,2P%,FT,FTA,FT%,ORB,DRB,TRB,AST,STL,BLK,TOV,PF,PTS
1992 - 93,SEA,82,19780,43.9,90.2,0.486,2.8,7.7,0.35700000000000004,41.1,82.5,0.498,21.7,28.5,0.7609999999999999,15.4,28.5,43.9,24.1,11.9,5.2,16.0,24.9,112.3
