SEASON,TEAM,G,MP,FG,FGA,FG%,3P,3PA,3P%,2P,2PA,2P%,FT,FTA,FT%,ORB,DRB,TRB,AST,STL,BLK,TOV,PF,PTS
2004 - 05,POR,82,19730,39.2,87.0,0.451,5.7,15.7,0.36200000000000004,33.5,71.3,0.47100000000000003,19.1,26.3,0.725,13.1,32.6,45.7,23.3,7.9,7.4,17.7,23.1,103.2
