SEASON,TEAM,G,MP,FG,FGA,FG%,3P,3PA,3P%,2P,2PA,2P%,FT,FTA,FT%,ORB,DRB,TRB,AST,STL,BLK,TOV,PF,PTS
2004 - 05,HOU,82,19855,38.8,87.4,0.44299999999999995,7.5,20.7,0.364,31.2,66.7,0.46799999999999997,21.1,27.0,0.7809999999999999,11.9,35.4,47.3,23.6,7.7,5.1,15.5,24.6,106.2
