SEASON,TEAM,G,MP,FG,FGA,FG%,3P,3PA,3P%,2P,2PA,2P%,FT,FTA,FT%,ORB,DRB,TRB,AST,STL,BLK,TOV,PF,PTS
2006 - 07,DET,82,19880,2942,6484,0.45399999999999996,449,1305,0.344,2493,5179,0.48100000000000004,1539,1988,0.774,948,2374,3322,1768,583,472,1001,1672,7872
