SEASON,TEAM,G,MP,FG,FGA,FG%,3P,3PA,3P%,2P,2PA,2P%,FT,FTA,FT%,ORB,DRB,TRB,AST,STL,BLK,TOV,PF,PTS
2000 - 01,LAC,82,20030,2896,6467,0.44799999999999995,360,1063,0.33899999999999997,2536,5404,0.469,1429,2061,0.693,962,2559,3521,1585,490,513,1293,1775,7581
