SEASON,TEAM,G,MP,FG,FGA,FG%,3P,3PA,3P%,2P,2PA,2P%,FT,FTA,FT%,ORB,DRB,TRB,AST,STL,BLK,TOV,PF,PTS
2000 - 01,ORL,82,19955,3013,6873,0.43799999999999994,490,1346,0.364,2523,5527,0.456,1476,2068,0.7140000000000001,1069,2450,3519,1803,674,481,1245,2071,7992
