SEASON,TEAM,G,MP,FG,FGA,FG%,3P,3PA,3P%,2P,2PA,2P%,FT,FTA,FT%,ORB,DRB,TRB,AST,STL,BLK,TOV,PF,PTS
2012-13,DET,82,241.5,36.3,81.0,0.449,6.3,17.6,0.35600000000000004,30.1,63.4,0.474,15.9,22.8,0.6990000000000001,12.1,30.0,42.1,21.2,7.0,4.9,15.1,19.8,94.9
