SEASON,TEAM,G,MP,FG,FGA,FG%,3P,3PA,3P%,2P,2PA,2P%,FT,FTA,FT%,ORB,DRB,TRB,AST,STL,BLK,TOV,PF,PTS
2012-13,PHO,82,241.5,37.3,84.4,0.44299999999999995,5.9,17.7,0.33,31.5,66.6,0.473,14.7,19.7,0.7440000000000001,11.7,29.9,41.6,22.6,8.0,5.3,15.6,20.6,95.2
