SEASON,TEAM,G,MP,FG,FGA,FG%,3P,3PA,3P%,2P,2PA,2P%,FT,FTA,FT%,ORB,DRB,TRB,AST,STL,BLK,TOV,PF,PTS
2012 - 13,DET,82,19805,39.7,88.6,0.449,6.8,19.2,0.35600000000000004,32.9,69.4,0.474,17.4,24.9,0.6990000000000001,13.2,32.9,46.1,23.2,7.7,5.3,16.6,21.7,103.8
