SEASON,TEAM,G,MP,FG,FGA,FG%,3P,3PA,3P%,2P,2PA,2P%,FT,FTA,FT%,ORB,DRB,TRB,AST,STL,BLK,TOV,PF,PTS
2012 - 13,TOR,82,19980,39.6,88.8,0.446,7.6,22.1,0.34299999999999997,32.0,66.7,0.48,19.2,24.3,0.7879999999999999,11.6,32.2,43.8,23.5,7.9,5.2,14.9,24.4,105.9
