SEASON,TEAM,G,MP,FG,FGA,FG%,3P,3PA,3P%,2P,2PA,2P%,FT,FTA,FT%,ORB,DRB,TRB,AST,STL,BLK,TOV,PF,PTS
2012 - 13,CLE,82,19730,39.5,91.0,0.434,7.2,20.8,0.34600000000000003,32.2,70.1,0.46,18.2,24.1,0.7559999999999999,13.2,31.1,44.3,22.3,8.5,4.4,15.1,22.9,104.3
