SEASON,TEAM,G,MP,FG,FGA,FG%,3P,3PA,3P%,2P,2PA,2P%,FT,FTA,FT%,ORB,DRB,TRB,AST,STL,BLK,TOV,PF,PTS
2012 - 13,POR,82,19855,39.8,88.8,0.44799999999999995,8.9,25.2,0.353,30.9,63.6,0.486,17.2,22.2,0.7759999999999999,11.6,32.7,44.3,23.6,7.1,4.7,15.9,20.1,105.8
