SEASON,TEAM,G,MP,FG,FGA,FG%,3P,3PA,3P%,2P,2PA,2P%,FT,FTA,FT%,ORB,DRB,TRB,AST,STL,BLK,TOV,PF,PTS
2012 - 13,PHO,82,19805,39.7,89.7,0.44299999999999995,6.2,18.9,0.33,33.5,70.8,0.473,15.6,21.0,0.7440000000000001,12.4,31.8,44.3,24.1,8.5,5.6,16.6,21.9,101.2
