SEASON,TEAM,G,MP,FG,FGA,FG%,3P,3PA,3P%,2P,2PA,2P%,FT,FTA,FT%,ORB,DRB,TRB,AST,STL,BLK,TOV,PF,PTS
1989 - 90,ORL,82,241.5,42.2,91.8,0.45899999999999996,1.4,4.8,0.295,40.7,87.0,0.46799999999999997,25.1,33.2,0.7559999999999999,15.9,30.1,46.0,24.3,7.5,3.6,17.2,24.1,110.9
