SEASON,TEAM,G,MP,FG,FGA,FG%,3P,3PA,3P%,2P,2PA,2P%,FT,FTA,FT%,ORB,DRB,TRB,AST,STL,BLK,TOV,PF,PTS
2005 - 06,SAS,82,241.5,36.5,77.3,0.47200000000000003,6.4,16.6,0.385,30.1,60.7,0.496,16.2,23.1,0.7020000000000001,10.4,31.1,41.5,20.9,6.6,5.7,13.7,20.9,95.6
