SEASON,TEAM,G,MP,FG,FGA,FG%,3P,3PA,3P%,2P,2PA,2P%,FT,FTA,FT%,ORB,DRB,TRB,AST,STL,BLK,TOV,PF,PTS
2005 - 06,SAC,82,241.8,36.0,79.3,0.45399999999999996,6.0,17.2,0.35100000000000003,30.0,62.1,0.483,20.8,26.5,0.784,10.4,30.2,40.5,22.3,7.4,3.6,14.6,20.4,98.9
