SEASON,TEAM,G,MP,FG,FGA,FG%,3P,3PA,3P%,2P,2PA,2P%,FT,FTA,FT%,ORB,DRB,TRB,AST,STL,BLK,TOV,PF,PTS
2004 - 05,IND,82,242.7,32.5,75.2,0.43200000000000005,6.6,19.2,0.344,25.9,56.0,0.46299999999999997,21.3,26.9,0.792,10.6,29.5,40.1,18.2,7.5,4.4,14.3,23.0,93.0
