SEASON,TEAM,G,MP,FG,FGA,FG%,3P,3PA,3P%,2P,2PA,2P%,FT,FTA,FT%,ORB,DRB,TRB,AST,STL,BLK,TOV,PF,PTS
2004 - 05,CHA,82,242.4,36.1,83.6,0.43200000000000005,3.9,10.7,0.363,32.2,72.9,0.442,18.1,25.6,0.7090000000000001,13.2,28.5,41.7,21.9,8.5,5.4,14.5,23.1,94.3
