SEASON,TEAM,G,MP,FG,FGA,FG%,3P,3PA,3P%,2P,2PA,2P%,FT,FTA,FT%,ORB,DRB,TRB,AST,STL,BLK,TOV,PF,PTS
1989 - 90,SAC,82,19755,41.5,88.6,0.46799999999999997,2.7,8.2,0.33299999999999996,38.8,80.5,0.48200000000000004,19.0,24.7,0.7709999999999999,12.0,29.7,41.6,25.8,6.9,4.9,15.6,23.4,104.8
