SEASON,TEAM,G,MP,FG,FGA,FG%,3P,3PA,3P%,2P,2PA,2P%,FT,FTA,FT%,ORB,DRB,TRB,AST,STL,BLK,TOV,PF,PTS
1989 - 90,NJN,82,19705,38.7,91.0,0.426,1.7,6.2,0.27699999999999997,37.0,84.8,0.43700000000000006,21.5,28.8,0.746,16.7,28.5,45.2,18.1,9.5,5.9,16.7,23.9,100.7
