SEASON,TEAM,G,MP,FG,FGA,FG%,3P,3PA,3P%,2P,2PA,2P%,FT,FTA,FT%,ORB,DRB,TRB,AST,STL,BLK,TOV,PF,PTS
1994 - 95,GSW,82,19905,39.6,84.6,0.46799999999999997,6.7,19.7,0.341,32.9,64.9,0.507,20.8,29.5,0.7040000000000001,13.6,29.2,42.8,24.8,8.0,4.8,18.4,22.2,106.7
