SEASON,TEAM,G,MP,FG,FGA,FG%,3P,3PA,3P%,2P,2PA,2P%,FT,FTA,FT%,ORB,DRB,TRB,AST,STL,BLK,TOV,PF,PTS
1984 - 85,UTA,82,19755,3478,7302,0.47600000000000003,103,307,0.336,3375,6995,0.48200000000000004,1878,2434,0.772,1081,2554,3635,2143,712,697,1575,1961,8937
