SEASON,TEAM,G,MP,FG,FGA,FG%,3P,3PA,3P%,2P,2PA,2P%,FT,FTA,FT%,ORB,DRB,TRB,AST,STL,BLK,TOV,PF,PTS
1984 - 85,DAL,82,19855,3560,7280,0.489,152,443,0.34299999999999997,3408,6837,0.498,1844,2324,0.7929999999999999,1095,2345,3440,2152,575,335,1184,1796,9116
