SEASON,TEAM,G,MP,FG,FGA,FG%,3P,3PA,3P%,2P,2PA,2P%,FT,FTA,FT%,ORB,DRB,TRB,AST,STL,BLK,TOV,PF,PTS
2015 - 16,NYK,82,19805,3022,6886,0.439,610,1762,0.34600000000000003,2412,5124,0.47100000000000003,1411,1753,0.805,850,2788,3638,1682,467,466,1099,1616,8065
