SEASON,TEAM,G,MP,FG,FGA,FG%,3P,3PA,3P%,2P,2PA,2P%,FT,FTA,FT%,ORB,DRB,TRB,AST,STL,BLK,TOV,PF,PTS
2015 - 16,ALT,82,19830,3168,6923,0.45799999999999996,815,2326,0.35,2353,4597,0.512,1282,1638,0.7829999999999999,679,2772,3451,2100,747,486,1226,1570,8433
