SEASON,TEAM,G,MP,FG,FGA,FG%,3P,3PA,3P%,2P,2PA,2P%,FT,FTA,FT%,ORB,DRB,TRB,AST,STL,BLK,TOV,PF,PTS
2015 - 16,MEM,82,19830,3019,6859,0.44,504,1521,0.331,2515,5338,0.47100000000000003,1584,2024,0.7829999999999999,916,2497,3413,1697,724,350,1090,1783,8126
