SEASON,TEAM,G,MP,FG,FGA,FG%,3P,3PA,3P%,2P,2PA,2P%,FT,FTA,FT%,ORB,DRB,TRB,AST,STL,BLK,TOV,PF,PTS
1980 - 81,LAL,82,19805,3780,7382,0.512,17,94,0.18100000000000002,3763,7288,0.516,1540,2113,0.7290000000000001,1165,2491,3656,2363,808,551,1557,1955,9117
