SEASON,TEAM,G,MP,FG,FGA,FG%,3P,3PA,3P%,2P,2PA,2P%,FT,FTA,FT%,ORB,DRB,TRB,AST,STL,BLK,TOV,PF,PTS
2014-15,DEN,82,242.4,37.8,87.3,0.433,8.0,24.8,0.325,29.7,62.5,0.47600000000000003,17.8,24.3,0.7340000000000001,12.3,32.4,44.7,21.8,7.8,4.5,14.2,23.0,101.5
