SEASON,TEAM,G,MP,FG,FGA,FG%,3P,3PA,3P%,2P,2PA,2P%,FT,FTA,FT%,ORB,DRB,TRB,AST,STL,BLK,TOV,PF,PTS
2014-15,IND,82,242.1,36.6,83.2,0.439,7.5,21.2,0.35200000000000004,29.1,62.0,0.469,16.7,22.2,0.7559999999999999,10.4,34.4,44.9,21.4,6.2,4.6,14.0,21.2,97.3
