SEASON,TEAM,G,MP,FG,FGA,FG%,3P,3PA,3P%,2P,2PA,2P%,FT,FTA,FT%,ORB,DRB,TRB,AST,STL,BLK,TOV,PF,PTS
1993 - 94,GSW,82,19780,3512,7145,0.49200000000000005,291,859,0.33899999999999997,3221,6286,0.512,1529,2304,0.664,1183,2396,3579,2198,804,511,1433,1789,8844
