SEASON,TEAM,G,MP,FG,FGA,FG%,3P,3PA,3P%,2P,2PA,2P%,FT,FTA,FT%,ORB,DRB,TRB,AST,STL,BLK,TOV,PF,PTS
1999 - 00,NYK,82,19830,2897,6374,0.455,351,937,0.375,2546,5437,0.46799999999999997,1410,1805,0.7809999999999999,802,2521,3323,1588,515,349,1201,1983,7555
