SEASON,TEAM,G,MP,FG,FGA,FG%,3P,3PA,3P%,2P,2PA,2P%,FT,FTA,FT%,ORB,DRB,TRB,AST,STL,BLK,TOV,PF,PTS
1999 - 00,DAL,82,19730,3195,7047,0.45299999999999996,519,1326,0.391,2676,5721,0.46799999999999997,1407,1751,0.804,931,2444,3375,1810,592,416,1124,1770,8316
