SEASON,TEAM,G,MP,FG,FGA,FG%,3P,3PA,3P%,2P,2PA,2P%,FT,FTA,FT%,ORB,DRB,TRB,AST,STL,BLK,TOV,PF,PTS
1999 - 00,NJN,82,19830,2979,6881,0.433,477,1374,0.34700000000000003,2502,5507,0.45399999999999996,1601,2041,0.784,1040,2315,3355,1688,720,393,1119,1913,8036
