SEASON,TEAM,G,MP,FG,FGA,FG%,3P,3PA,3P%,2P,2PA,2P%,FT,FTA,FT%,ORB,DRB,TRB,AST,STL,BLK,TOV,PF,PTS
1999 - 00,IND,82,19730,3047,6640,0.45899999999999996,583,1487,0.392,2464,5153,0.478,1629,2008,0.8109999999999999,842,2612,3454,1857,559,422,1159,1786,8306
