SEASON,TEAM,G,MP,FG,FGA,FG%,3P,3PA,3P%,2P,2PA,2P%,FT,FTA,FT%,ORB,DRB,TRB,AST,STL,BLK,TOV,PF,PTS
2002 - 03,DEN,82,19730,2689,6544,0.41100000000000003,229,824,0.278,2460,5720,0.43,1294,1850,0.6990000000000001,1112,2363,3475,1737,712,422,1514,2056,6901
