SEASON,TEAM,G,MP,FG,FGA,FG%,3P,3PA,3P%,2P,2PA,2P%,FT,FTA,FT%,ORB,DRB,TRB,AST,STL,BLK,TOV,PF,PTS
2002 - 03,UTA,82,19780,2894,6189,0.46799999999999997,224,641,0.349,2670,5548,0.48100000000000004,1750,2349,0.745,1021,2381,3402,2103,708,467,1374,1837,7762
