SEASON,TEAM,G,MP,FG,FGA,FG%,3P,3PA,3P%,2P,2PA,2P%,FT,FTA,FT%,ORB,DRB,TRB,AST,STL,BLK,TOV,PF,PTS
2002 - 03,NYK,82,19855,2967,6725,0.441,606,1582,0.38299999999999995,2361,5143,0.45899999999999996,1320,1620,0.815,842,2376,3218,1800,579,255,1149,1888,7860
