SEASON,TEAM,G,MP,FG,FGA,FG%,3P,3PA,3P%,2P,2PA,2P%,FT,FTA,FT%,ORB,DRB,TRB,AST,STL,BLK,TOV,PF,PTS
2006 - 07,TOR,82,19755,39.8,85.9,0.46299999999999997,7.0,19.2,0.363,32.8,66.7,0.49200000000000005,20.5,26.0,0.7879999999999999,9.9,32.5,42.5,23.9,7.6,4.2,14.5,21.9,107.0
