SEASON,TEAM,G,MP,FG,FGA,FG%,3P,3PA,3P%,2P,2PA,2P%,FT,FTA,FT%,ORB,DRB,TRB,AST,STL,BLK,TOV,PF,PTS
2019 - 20,TOR,72,241.4,40.2,87.9,0.45799999999999996,13.8,37.0,0.374,26.4,50.9,0.519,18.5,23.2,0.7959999999999999,9.5,35.9,45.4,25.2,8.8,5.0,14.8,21.7,112.8
