SEASON,TEAM,G,MP,FG,FGA,FG%,3P,3PA,3P%,2P,2PA,2P%,FT,FTA,FT%,ORB,DRB,TRB,AST,STL,BLK,TOV,PF,PTS
1987 - 88,HOU,82,240.0,42.3,89.7,0.47100000000000003,0.8,3.5,0.237,41.4,86.1,0.48100000000000004,23.6,30.3,0.78,15.1,30.9,46.0,23.6,8.7,6.1,16.7,22.7,109.0
