SEASON,TEAM,G,MP,FG,FGA,FG%,3P,3PA,3P%,2P,2PA,2P%,FT,FTA,FT%,ORB,DRB,TRB,AST,STL,BLK,TOV,PF,PTS
1992 - 93,MIL,82,19730,3268,6924,0.47200000000000003,312,936,0.33299999999999996,2956,5988,0.494,1544,2081,0.742,1050,2113,3163,2084,863,393,1363,1978,8392
