SEASON,TEAM,G,MP,FG,FGA,FG%,3P,3PA,3P%,2P,2PA,2P%,FT,FTA,FT%,ORB,DRB,TRB,AST,STL,BLK,TOV,PF,PTS
2016 - 17,TOR,82,19780,41.1,88.6,0.46399999999999997,9.3,25.6,0.363,31.9,63.1,0.505,20.7,26.0,0.7959999999999999,11.2,34.3,45.4,19.4,8.7,5.1,13.3,21.9,112.3
