SEASON,TEAM,G,MP,FG,FGA,FG%,3P,3PA,3P%,2P,2PA,2P%,FT,FTA,FT%,ORB,DRB,TRB,AST,STL,BLK,TOV,PF,PTS
1988 - 89,CHI,82,19780,3448,6968,0.495,174,530,0.32799999999999996,3274,6438,0.509,1656,2106,0.7859999999999999,1018,2453,3471,2213,722,376,1327,1855,8726
