SEASON,TEAM,G,MP,FG,FGA,FG%,3P,3PA,3P%,2P,2PA,2P%,FT,FTA,FT%,ORB,DRB,TRB,AST,STL,BLK,TOV,PF,PTS
2004 - 05,DET,82,19955,2851,6421,0.444,363,1053,0.345,2488,5368,0.46299999999999997,1588,2150,0.7390000000000001,1054,2507,3561,1787,576,497,1133,1638,7653
