SEASON,TEAM,G,MP,FG,FGA,FG%,3P,3PA,3P%,2P,2PA,2P%,FT,FTA,FT%,ORB,DRB,TRB,AST,STL,BLK,TOV,PF,PTS
1986 - 87,DEN,82,19780,42.8,90.9,0.47100000000000003,1.2,4.5,0.271,41.6,86.4,0.48100000000000004,22.6,29.3,0.769,14.8,27.1,41.8,26.5,8.6,4.8,13.9,25.0,109.3
