SEASON,TEAM,G,MP,FG,FGA,FG%,3P,3PA,3P%,2P,2PA,2P%,FT,FTA,FT%,ORB,DRB,TRB,AST,STL,BLK,TOV,PF,PTS
1982-83,LAL,82,240.6,48.3,91.6,0.528,0.1,1.2,0.10400000000000001,48.2,90.4,0.5329999999999999,18.2,24.8,0.736,15.1,29.7,44.7,30.7,10.3,5.8,19.3,23.5,115.0
