SEASON,TEAM,G,MP,FG,FGA,FG%,3P,3PA,3P%,2P,2PA,2P%,FT,FTA,FT%,ORB,DRB,TRB,AST,STL,BLK,TOV,PF,PTS
1998 - 99,CHI,50,12075,1539,3837,0.401,177,612,0.289,1362,3225,0.42200000000000004,840,1185,0.7090000000000001,573,1394,1967,1017,436,169,774,1112,4095
