SEASON,TEAM,G,MP,FG,FGA,FG%,3P,3PA,3P%,2P,2PA,2P%,FT,FTA,FT%,ORB,DRB,TRB,AST,STL,BLK,TOV,PF,PTS
1998 - 99,BOS,50,12150,1816,4164,0.436,273,758,0.36,1543,3406,0.45299999999999996,745,1077,0.6920000000000001,680,1458,2138,1073,453,255,807,1193,4650
