SEASON,TEAM,G,MP,FG,FGA,FG%,3P,3PA,3P%,2P,2PA,2P%,FT,FTA,FT%,ORB,DRB,TRB,AST,STL,BLK,TOV,PF,PTS
1998 - 99,TOR,50,12075,1660,3940,0.42100000000000004,226,662,0.341,1434,3278,0.43700000000000006,1011,1330,0.76,712,1447,2159,1036,439,321,799,1139,4557
