SEASON,TEAM,G,MP,FG,FGA,FG%,3P,3PA,3P%,2P,2PA,2P%,FT,FTA,FT%,ORB,DRB,TRB,AST,STL,BLK,TOV,PF,PTS
1989 - 90,DAL,82,19855,3246,6831,0.475,157,486,0.32299999999999995,3089,6345,0.48700000000000004,1735,2261,0.767,1042,2419,3461,1776,664,398,1228,1733,8384
