SEASON,TEAM,G,MP,FG,FGA,FG%,3P,3PA,3P%,2P,2PA,2P%,FT,FTA,FT%,ORB,DRB,TRB,AST,STL,BLK,TOV,PF,PTS
2002-03,ALT,82,242.7,34.9,78.5,0.444,4.9,13.9,0.35200000000000004,30.0,64.5,0.46399999999999997,19.4,24.5,0.7929999999999999,11.4,31.2,42.6,20.5,7.5,5.8,16.7,21.7,94.1
