SEASON,TEAM,G,MP,FG,FGA,FG%,3P,3PA,3P%,2P,2PA,2P%,FT,FTA,FT%,ORB,DRB,TRB,AST,STL,BLK,TOV,PF,PTS
2002 - 03,LAL,82,243.0,37.7,83.6,0.451,5.9,16.7,0.35600000000000004,31.8,66.9,0.475,19.0,26.0,0.7340000000000001,13.1,31.1,44.3,23.3,7.8,5.7,14.5,22.9,100.4
