SEASON,TEAM,G,MP,FG,FGA,FG%,3P,3PA,3P%,2P,2PA,2P%,FT,FTA,FT%,ORB,DRB,TRB,AST,STL,BLK,TOV,PF,PTS
1994 - 95,LAL,82,19905,3284,7088,0.46299999999999997,525,1492,0.35200000000000004,2759,5596,0.493,1523,2072,0.735,1126,2316,3442,2078,750,563,1243,1933,8616
