SEASON,TEAM,G,MP,FG,FGA,FG%,3P,3PA,3P%,2P,2PA,2P%,FT,FTA,FT%,ORB,DRB,TRB,AST,STL,BLK,TOV,PF,PTS
2005 - 06,MIL,82,19855,39.4,87.0,0.45299999999999996,6.7,17.7,0.38,32.7,69.3,0.47200000000000003,20.7,28.0,0.738,12.3,32.4,44.7,23.4,7.9,3.6,15.9,25.2,106.3
