SEASON,TEAM,G,MP,FG,FGA,FG%,3P,3PA,3P%,2P,2PA,2P%,FT,FTA,FT%,ORB,DRB,TRB,AST,STL,BLK,TOV,PF,PTS
2005 - 06,TOR,82,19955,39.8,87.7,0.45399999999999996,8.0,21.4,0.375,31.8,66.3,0.479,21.8,27.6,0.7909999999999999,11.4,30.3,41.7,21.0,7.0,3.6,14.1,26.0,109.5
