SEASON,TEAM,G,MP,FG,FGA,FG%,3P,3PA,3P%,2P,2PA,2P%,FT,FTA,FT%,ORB,DRB,TRB,AST,STL,BLK,TOV,PF,PTS
2005 - 06,DEN,82,19930,39.5,85.5,0.461,4.5,13.8,0.325,35.0,71.7,0.48700000000000004,22.1,29.6,0.7440000000000001,11.6,31.9,43.4,24.6,8.9,5.9,15.6,23.9,105.5
