SEASON,TEAM,G,MP,FG,FGA,FG%,3P,3PA,3P%,2P,2PA,2P%,FT,FTA,FT%,ORB,DRB,TRB,AST,STL,BLK,TOV,PF,PTS
2001 - 02,DEN,82,19805,39.1,92.1,0.424,5.7,17.2,0.32899999999999996,33.4,74.9,0.446,17.5,23.6,0.7440000000000001,15.0,31.0,46.0,24.4,8.2,6.2,16.2,25.1,101.4
