SEASON,TEAM,G,MP,FG,FGA,FG%,3P,3PA,3P%,2P,2PA,2P%,FT,FTA,FT%,ORB,DRB,TRB,AST,STL,BLK,TOV,PF,PTS
2001 - 02,LAC,82,19805,40.0,89.7,0.445,5.5,15.4,0.35600000000000004,34.5,74.3,0.46399999999999997,20.1,27.3,0.7390000000000001,14.6,33.3,47.8,23.1,6.9,7.3,16.3,21.8,105.5
