SEASON,TEAM,G,MP,FG,FGA,FG%,3P,3PA,3P%,2P,2PA,2P%,FT,FTA,FT%,ORB,DRB,TRB,AST,STL,BLK,TOV,PF,PTS
2001 - 02,SAC,82,19755,41.5,89.0,0.467,5.4,14.7,0.36700000000000005,36.1,74.3,0.486,20.6,27.4,0.7509999999999999,12.9,34.3,47.2,24.9,9.4,4.8,14.3,19.8,109.0
