SEASON,TEAM,G,MP,FG,FGA,FG%,3P,3PA,3P%,2P,2PA,2P%,FT,FTA,FT%,ORB,DRB,TRB,AST,STL,BLK,TOV,PF,PTS
2001 - 02,DAL,82,19880,41.6,90.1,0.462,8.1,21.4,0.37799999999999995,33.5,68.7,0.488,20.9,25.9,0.8059999999999999,11.9,33.4,45.3,23.6,7.6,5.1,12.9,24.0,112.2
