SEASON,TEAM,G,MP,FG,FGA,FG%,3P,3PA,3P%,2P,2PA,2P%,FT,FTA,FT%,ORB,DRB,TRB,AST,STL,BLK,TOV,PF,PTS
1994 - 95,SAC,82,242.1,36.9,78.8,0.46799999999999997,4.4,12.6,0.34600000000000003,32.5,66.2,0.491,20.1,28.3,0.711,13.1,28.4,41.4,22.2,7.9,5.6,17.7,24.9,98.2
