SEASON,TEAM,G,MP,FG,FGA,FG%,3P,3PA,3P%,2P,2PA,2P%,FT,FTA,FT%,ORB,DRB,TRB,AST,STL,BLK,TOV,PF,PTS
1979-80,POR,82,241.2,41.6,87.4,0.47600000000000003,0.3,1.6,0.19699999999999998,41.2,85.8,0.48100000000000004,19.0,25.6,0.743,15.8,29.4,45.2,23.1,8.6,5.8,18.9,23.9,102.5
