SEASON,TEAM,G,MP,FG,FGA,FG%,3P,3PA,3P%,2P,2PA,2P%,FT,FTA,FT%,ORB,DRB,TRB,AST,STL,BLK,TOV,PF,PTS
1980 - 81,IND,82,19730,42.1,87.3,0.48200000000000004,0.4,2.0,0.17800000000000002,41.7,85.3,0.489,21.9,30.6,0.715,16.0,27.3,43.3,25.2,10.0,5.8,18.0,24.2,106.4
