SEASON,TEAM,G,MP,FG,FGA,FG%,3P,3PA,3P%,2P,2PA,2P%,FT,FTA,FT%,ORB,DRB,TRB,AST,STL,BLK,TOV,PF,PTS
2019 - 20,TOR,72,17380,39.6,86.6,0.45799999999999996,13.6,36.4,0.374,26.0,50.2,0.519,18.2,22.9,0.7959999999999999,9.4,35.3,44.7,24.9,8.7,4.9,14.6,21.3,111.1
