SEASON,TEAM,G,MP,FG,FGA,FG%,3P,3PA,3P%,2P,2PA,2P%,FT,FTA,FT%,ORB,DRB,TRB,AST,STL,BLK,TOV,PF,PTS
2019 - 20,MIL,73,17595,41.0,86.1,0.47600000000000003,13.1,36.9,0.355,27.9,49.3,0.5670000000000001,17.3,23.4,0.742,9.0,40.0,49.0,24.5,6.8,5.6,14.3,18.6,112.4
