SEASON,TEAM,G,MP,FG,FGA,FG%,3P,3PA,3P%,2P,2PA,2P%,FT,FTA,FT%,ORB,DRB,TRB,AST,STL,BLK,TOV,PF,PTS
1991 - 92,PHI,82,240.9,38.9,82.5,0.47100000000000003,2.8,8.3,0.33399999999999996,36.1,74.2,0.48700000000000004,21.4,27.6,0.775,12.9,28.2,41.1,21.4,8.4,5.9,15.1,19.3,101.9
