SEASON,TEAM,G,MP,FG,FGA,FG%,3P,3PA,3P%,2P,2PA,2P%,FT,FTA,FT%,ORB,DRB,TRB,AST,STL,BLK,TOV,PF,PTS
1995 - 96,ORL,82,19855,42.2,87.4,0.48200000000000004,8.2,21.7,0.37799999999999995,34.0,65.8,0.517,20.3,29.4,0.691,12.7,31.6,44.3,27.4,8.7,5.3,15.3,22.5,112.9
