SEASON,TEAM,G,MP,FG,FGA,FG%,3P,3PA,3P%,2P,2PA,2P%,FT,FTA,FT%,ORB,DRB,TRB,AST,STL,BLK,TOV,PF,PTS
1996-97,DEN,82,243.0,35.8,81.5,0.439,7.8,20.9,0.37200000000000005,28.0,60.7,0.462,18.5,24.3,0.7609999999999999,12.1,29.9,42.0,23.0,6.1,5.9,16.6,21.8,97.8
