SEASON,TEAM,G,MP,FG,FGA,FG%,3P,3PA,3P%,2P,2PA,2P%,FT,FTA,FT%,ORB,DRB,TRB,AST,STL,BLK,TOV,PF,PTS
1996-97,DAL,82,241.5,34.3,78.7,0.436,5.2,16.0,0.327,29.1,62.6,0.46399999999999997,16.8,23.4,0.7170000000000001,12.7,27.6,40.3,20.3,8.0,4.3,16.1,21.9,90.6
